I might swerve-,ENGLISH,ESPAÑOL
///-----Game Title-----///,,
wind_Title,ADRENALINE RUSH,ADRENALINE RUSH
,,
///-----Language Choice-----///,,
opt_ChooseLang,CHOOSE A LANGUAGE,
opt_AskOnce,(This'll only appear once and never again. You can change the language again any time in the Options menu.),
,,
///-----File Select-----///,,
fs_FileSelect,FILE SELECT,ELIGE UN ARCHIVO
fs_Select,SELECT,SELECCIONAR
fs_Copy,COPY,COPIAR
fs_Delete,DELETE,BORRAR
fs_Back,BACK,ATRÁS
fs_Cancel,CANCEL,CANCELAR
fs_Empty,EMPTY,VACÍO
fs_Save,SAVE,GUARDAR
fs_ChooseFile,CHOOSE SLOT TO PASTE,ELIGE UN ESPACIO PARA PEGAR
fs_Erase,ERASE THIS FILE?,¿BORRAR ESTE ARCHIVO?
fs_Erasing,ARE YOU SURE??,¿¿SEGURO??
fs_Overwrite,OVERWRITE THIS FILE?,¿SOBREESCRIBIR ESTE ARCHIVO?
,,
///-----Controller Shit-----///,,
conDet_Player,PLAYER,JUGADOR
conDet_Conn,CONNECTED,CONECTADO
conDet_ConUnd,CONTROLLER UNDETECTED,CONTROL DESCONECTADO
,,
///-----General Game Shit-----///,,
game_Quitting,QUITTING,SALIR
game_Prototype,PROTOTYPE,PROTOTIPO
game_Demo,DEMO,DEMO
game_NP,NOW PLAYING,REPRODUCIENDO
game_Track,TRACK,PISTA
game_By,BY,POR
game_Length,LENGTH,DURACIÓN
game_Acquire,You got the,
,,
///-----Audio Options-----///,,
opt_Audio,AUDIO,SONIDO
opt_Master,MASTER,GENERAL
opt_Music,MUSIC,MÚSICA
opt_SFX,SFX,EFECTOS
opt_Text,TEXT,TEXTO
opt_Ambiance,AMBIANCE,AMBIENTE
opt_Pause,UNIQUE PAUSE THEME,TEMA DE PAUSA ÚNICO
opt_Footstep,FOOTSTEPS,PASOS
opt_Invincible,INVINCIBILITY THEME,
,,
///-----Visual Options-----///,,
opt_Visual,VISUAL,VISUALES
opt_SimpVFX,SIMPLIFY VFX,SIMPLIFICAR EFECTOS
opt_SimpBack,SIMPLE BACKGROUND,
opt_ScrShk,SCREEN SHAKE,TEMBLOR DE PANTALLA
opt_Part,PARTICLES,PARTÍCULAS
opt_TextSpd,TEXT SPEED,VEL. DE TEXTO
opt_Lang,LANGUAGE,IDIOMA
opt_ConDis,KEYBOARD/CONTROLLER DISPLAY,TECLADO/MUESTRA DE CONTROL
opt_Outline,OUTLINE,CONTORNO
opt_Squash,SQUASH 'N' STRETCH,ESTIRAMIENTO
opt_VSync,VSYNC,SINCRONIZACIÓN VERTICAL
,,
///-----Misc Options-----///,,
opt_Misc,MISC,MISCELÁNEO
opt_Fullscr,FULLSCREEN,PANTALLA COMPLETA
opt_MusTag,MUSIC TAG,INFORMACIÓN DE MÚSICA
opt_ConType,CONTROLLER TYPE,TIPO DE CONTROL
opt_ConRum,CONTROLLER RUMBLE,VIBRACIÓN DE CONTROL
opt_ExtCam,EXTENDED CAMERA,CAMARA EXTENDIDA
opt_FPS,FPS,FPS
opt_Speedrun,SPEEDRUN TIMER,TEMPORIZADOR
,,
opt_Pref,PREFERENCES,PREFERENCIAS
opt_ColorCode,CHARACTER COLOR-CODING,COLOREADO DE PERSONAJE
opt_FocusLoss,AUTO-PAUSE ON FOCUS LOSS,PAUSAR AL PERDER FOCO
opt_ChangeColor,CHANGE BASE COLOR,CAMBIAR COLOR BASE
opt_LifeIcon,LIFE ICON,
,,
opt_Online,ONLINE,EN LÍNEA
opt_Discord,DISCORD RICH PRESCENCE,PRESENCIA DE DISCORD
opt_Ghost,SHOW GHOST,MOSTRAR FANTASMA
,,
opt_Display,DISPLAY,
opt_WindowSize,WINDOW SCALE,
,,
opt_ConGen,CONTROLS (GENERAL),CONTROL (GENERAL)
opt_ConSpeed1,CONTROLS (SPEED/MENU) 1,CONTROL (VELOCIDAD/MENU) 1
opt_ConSpeed2,CONTROLS (SPEED/MENU) 2,CONTROL (VELOCIDAD/MENU) 2
opt_ConAction1,CONTROLS (ACTION) 1,CONTROL (ACCIÓN) 1
opt_ConAction2,CONTROLS (ACTION) 2,CONTROL (ACCIÓN) 2
opt_ConAction3,CONTROLS (ACTION) 3,CONTROL (ACCIÓN) 3
opt_ConLeft,LEFT,IZQUIERDA
opt_ConRight,RIGHT,DERECHA
opt_ConUp,UP,ARRIBA
opt_ConDown,DOWN,ABAJO
opt_ConJump,JUMP,SALTO
opt_ConAct1,ACTION 1,ACCIÓN 1
opt_ConBoost,BOOST,TURBO
opt_ConSpec1,SPECIAL 1,ESPECIAL 1
opt_ConSwap,SWAP,INTERCAMBIO
opt_ConSpec2,SPECIAL 2,ESPECIAL 2
opt_ConStart,START,START
opt_ConSelect,SELECT,SELECT
,,
opt_ActLeft,LEFT,IZQUIERDA
opt_ActRight,RIGHT,DERECHA
opt_ActUp,UP,ARRIBA
opt_ActDown,DOWN,ABAJO
opt_ActLight,LIGHT ATTACK,ATAQUE LIGERO
opt_ActMedium,MEDIUM ATTACK,ATAQUE MEDIO
opt_ActHeavy,HEAVY ATTACK,ATAQUE PESADO
opt_ActJump,JUMP,SALTO
opt_ActDash,RUN,CORRER
opt_ActSuper,DASH,TURBO
opt_Parry,PARRY,PARRY/CONTRA
opt_Charge,CHARGE-BOOST,CARGAR TURBO
,,
opt_JoyDead,JOYSTICK DEADZONE,ZONA MUERTA PALANCA
opt_TrigDead,TRIGGER DEADZONE,ZONA MUERTA GATILLO
,,
opt_No,NO,NO
opt_Yes,YES,SÍ
opt_Off,OFF,APAGADO
opt_On,ON,ENCENDIDO
opt_Default,DEFAULT,POR DEFECTO
opt_ChangeBind,CHANGING BIND...,CAMBIANDO BOTÓN...
,,
title_Gameplay,GAMEPLAY,
title_Extras,EXTRAS,
title_Options,OPTIONS,OPCIONES
title_QuitGame,QUIT GAME,SALIR JUEGO
title_StoryMode,STORY MODE,
title_Freeplay,FREEPLAY,JUEGO LIBRE
title_NewGame,NEW GAME,NUEVO JUEGO
title_Continue,CONTINUE,CONTINUAR
title_Bios,CHARACTER BIOS,
title_Gallery,GALLERY,
title_Boombox,BOOMBOX,
title_Achievements,ACHIEVEMENTS,
title_Enemy,ENEMY BIOS,
title_Credits,CREDITS,
title_Socials,SOCIALS,
title_Bluesky,BLUESKY,
title_Insta,INSTAGRAM,
title_YT,YOUTUBE,
title_Discord,DISCORD,
,,
freeplay_Speed,SPEED STAGES,ETAPA DE VELOCIDAD
freeplay_Action,ACTION STAGES,ETAPA DE ACCIÓN
freeplay_Level,LEVEL ,NIVEL 
freeplay_Boss,BOSS,JEFE
freeplay_Bonus,BONUS ,BONUS 
freeplay_CharSel,SELECT A CHARACTER,ELIGE UN PERSONAJE
freeplay_ChooseChar1,PRESS,PRESIONA
freeplay_ChooseChar2,TO CHANGE CHARACTERS,PARA CAMBIAR PERSONAJES
freeplay_Mix,CHOOSE YER MIX!!,¡¡SELECCIONÁ TU MIX!!
freeplay_Stage,STAGE,ETAPA
freeplay_CharTut,TO ENTER THE CHARACTER TUTORIAL,
,,
level_MIND,MIND,MENTE
level_OTHERTOWN,OTHERTOWN,OTHERTOWN
level_OTD,OTHERTOWN (DAY),OTHERTOWN (DÍA)
level_OTN,OTHERTOWN (NIGHT),OTHERTOWN (NOCHE)
,,
chap_Prologue,PROLOGUE // MY MIND,PRÓLOGO // MI MENTE
chap_Volume1,VOLUME 1 // REUNION,VOLUMEN 1 // REUNIÓN
,,
menu_Paused,PAUSED,PAUSA
menu_Resume,RESUME,CONTINUAR
menu_Restart,RESTART,REINICIO
menu_QRestart,QUICK-RESTART,REINICIO-RÁPIDO
menu_HUB,HUB,HUB
menu_MainMenu,MAIN MENU,MENÚ PRINCIPAL
menu_NameAsk,What is YOUR name?,¿Cuál es TU nombre?
menu_ConLetter,CONFIRM,COLOCAR
menu_ReLetter,REMOVE,QUITAR
menu_AddSpace,ADD SPACE,AÑADIR ESPACIO
,,
story_NOBJ,NEW OBJECTIVE,NUEVO OBJETIVO
story_UOBJ,UPDATED OBJECTIVE,OBJETIVO ACTUALIZADO
story_OBJ,OBJECTIVE,OBJETIVO
story_Chal,CHALLENGE,DESAFÍO
,,
enviro_Secret,J.S.R. SPRAY,SPRAY J.S.R.
enviro_MusSecret,CASSETTE,CASETE
,,
name_Kappa,KAPPA SUKI,KAPPA SUKI
name_Kap,KAPPA,KAPPA
name_Sarah,SARAH SUKI,SARAH SUKI
name_Sar,SARAH,SARAH
name_Alone,LONE SUKI,LONE SUKI
name_Lone,LONE,LONE
name_Brock,"MOON ""SON BROCK"" MASH","MOON ""SON BROCK"" MASH"
name_Bro,BROCK,BROCK
name_Neegi,NEEGI BUTCHER,NEEGI BUTCHER
name_Nee,NEEGI,NEEGI
name_Cloee,CLOEE BUTCHER,CLOEE BUTCHER
name_Clo,CLOEE,CLOEE
name_Akira,"AKIRA ""A.K."" KAGEMORI","AKIRA ""A.K."" KAGEMORI"
name_AK,AKIRA,AKIRA
name_Taylor,"TAYLOR ""T.J."" JACKSON","TAYLOR ""T.J."" JACKSON"
name_TJ,TAYLOR,TAYLOR
name_Ayana,"AYANA ""A.A."" ASHLEY","AYANA ""A.A."" ASHLEY"
name_AA,AYANA,AYANA
name_Rush,RUSH MAURICE,RUSH MAURICE
name_Ru,RUSH,RUSH
name_Edge,EDGE TERIOS,EDGE TERIOS
name_Ed,EDGE,EDGE
name_Roxxane,ROXXANE GONZÁLEZ,ROXXANE GONZÁLEZ
name_Rocks,ROXXANE,ROXXANE
name_Lucifer,LUCIFER CULA,LUCIFER CULA
name_Luci,LUCIFER,LUCIFER
name_Ivy,IVY,IVY
name_Sophi,SOPHI SUKI,SOPHI SUKI
name_Sop,SOPHI,SOPHI
name_Scott,SCOTT SUKI,SCOTT SUKI
name_Sco,SCOTT,SCOTT
,,
mus_Fade,Fading Dreams,Sueños Desvaneciendose
mus_Accept,It Takes a Lot to Accept Reality,Es Difícil Aceptar La Realidad
,,
mus_Solemn,Solemn,Solemne
mus_Wakey,Wakey-Wakey,A Levantarse
mus_Cest,C'est La Vie,C'est La Vie
mus_MindBody,MIND 'N' BODY,
mus_MINDWAVE,MINDWAVE,
mus_MINDWAVE2,MINDWAVE (Allegro),
mus_RoundN,Round 'n' Round,
mus_Wrap,Wrap It Up,
mus_WrapK,Wrap It Up (Kappa Mvt.),
mus_WrapL,Wrap It Up (Lucifer Mvt.),
mus_Funk,Funk 'n' Rush,Funk 'n' Rush
mus_Unwind,"Unwind a Lil' Bit, Yeah?",
mus_Backstreet,Backstreet Newgrounds,
,,
mus_FKap,Waitin',Waitin'
mus_FSar,No Rush,No Rush
mus_FLon,Arpeggio,Arpeggio
mus_FBro,Fightin' Glove,
mus_FNee,Euro-Step,Euro-Step
mus_FClo,Star-Bright,Star-Bright
mus_FAki,Flamerunner,Flamerunner
mus_FTay,Knuckleblaster,Knuckleblaster
mus_FAya,Sharpshooter,Sharpshooter
mus_FRus,Hurry Up,Hurry Up
mus_FEdg,Black Arms,Black Arms
mus_FRox,Guadaña,Scythe
mus_FLuc,Waiting,Waiting
mus_FIvy,Holster,Holster
,,
mus_Dis,DISCONNECTED,DESCONECTADO
mus_Lost,LOST REASON,SIN RAZÓN
mus_Mind,MY MIND,MI MENTE
mus_MindG,MY MIND (Girly Mix),MI MENTE (Girly Mix)
mus_Dist,DISTURBING THE MIND,DESASTRE MENTAL
mus_DistAllegro,DISTURBING THE MIND (Allegro),DESASTRE MENTAL (Allegro)
mus_DistG,DISTURBING THE MIND (Girly Mix),DESASTRE MENTAL (Girly Mix)
mus_DistGAllegro,DISTURBING THE MIND (Allegro) (Girly Mix),DESASTRE MENTAL (Allegro) (Girly Mix)
,,
mus_NewDay,"New Night, New Day","Nueva Noche, Nuevo Día"
mus_Sunlight,Clair De Soleil,Clair De Soleil
mus_SunlightG,Clair De Soleil (Girly Mix),Clair De Soleil (Girly Mix)
mus_NewNight,"New Day, New Night","Nuevo Día, Nueva Noche"
mus_Moonlight,Clair De Lune,Clair De Lune
mus_MoonlightG,Clair De Lune (Girly Mix),Clair De Lune (Girly Mix)
,,
mus_NextTime,You'll Get 'em Next Time,Quizás A La Próxima
mus_Stand,Stand Proud,Que Orgullo
mus_Sonic,Honorary Sonic,Honorary Sonic
,,
mus_YourBest,You Did Your Best,Diste Lo Mejor
mus_InYou,I Knew You Had it in You,Sabía Que Podías
mus_Hearts,Hearts All Around,Corazones Por Doquier
,,
mus_Diminuendo,Diminuendo,Diminuendo
mus_Allegro,Allegro,Allegro
mus_Crescendo,Crescendo,Crescendo
,,
mus_Diminished,Diminished,Diminuto
mus_Lighter,Lighter,Ligero
mus_FeelinNice,Feelin' Nice,Bieeeen
,,
mus_BeenBetter,That Could've Been Better,Podría haber sido mejor
mus_YouStrong,You Are Strong,Eres fuerte
mus_Blaze,Honorary Blaze,Flama Honoraria
,,
mus_Kiddin,You Gotta be Kiddin' Me,No Bromees
mus_NotBad,"Ayy, Not Bad","Ey, Nada Mal"
mus_Talkin,That's What I'm TALKIN' About,A ESO Me Refería
,,
mus_Shot,Shot Down,Caído
mus_Pardner,"It's Arright, Pardner","Esta Bien, Compañero"
mus_JUSTICE,JUSTICE,JUSTICIA
,,
bon_Time,TIME BONUS,BONUS DE TIEMPO
bon_Ring,RING BONUS,BONUS DE ANILLO
bon_Trink,TRINKET BONUS,BONUS DE TRINQUETE
bon_Perf,PERFECT BONUS,BONUS PERFECTO
bon_Enemy,ENEMY BONUS,BONUS DE ENEMIGOS
,,
cost_Cost,COSTUME,TRAJES
,,
cost_Kap1,RUSH-STYLE,ESTILO-RUSH
cost_Kap2,HIDEKI NERD,HIDEKI NERD
,,
cost_Sar1,HEARTACHE,HEARTACHE
,,
cost_Lon1,BUN-BUN,BUN-BUN
,,
cost_Bro1,BRAVERY,VALENTÍA
,,
cost_Nee1,HEARTACHE,HEARTACHE
,,
cost_Clo1,DAISY,DAISY
,,
cost_Aki1,UZI-STYLE,ESTILO-UZI
,,
cost_Tay1,UZI-STYLE,ESTILO-UZI
,,
cost_Aya!,UZI-STYLE,ESTILO-UZI
,,
cost_Rus1,JET-SET,SET-JET
,,
cost_Edg1,JET-SET,SET-JET
,,
cost_Rox1,LAZULI,LAZULI
,,
cost_Luc1,RUSH-STYLE,ESTILO-RUSH
,,
cost_Ivy1,BUTTERCUP,FLOR DORADA
,,
desc_Master,Change the game's overall volume. (Decreases by 10% per press.),Cambia el volumen general del juego. (Disminuye 10% al presionar)
desc_Music,Change the game's BGM volume. (Decreases by 10% per press.),Cambia el volumen de fondo del juego. (Disminuye 10% al presionar)
desc_SFX,Change the game's sound effect volume. (Decreases by 10% per press.),Cambia el volumen de los efectos de sonido. (Disminuye 10% al presionar)
desc_Text,Change the game's textbox type-writer volume. (Decreases by 10% per press.),Cambia el volumen del efecto cuadro de texto. (Disminuye 10% al presionar)
desc_Ambiance,Change the game's world ambiance volume. (Decreases by 10% per press.),Cambia el volumen del ambiente. (Disminuye 10% al presionar)
desc_Pause,Have a BGM track play based on the character you're playing as while the game is paused.,Un tema de pausa se reproduce dependiendo del personaje que estes usando.
desc_Footstep,Have footstep and landing sounds play based on certain situations during gameplay.,Sonido de pasos y aterrizaje se reproducen durante el gameplay.
desc_Invincible,Change the invincibility BGM track.,
,,
desc_SimpVFX,"Reduce, stop, or get rid of things that could be eye-straining. (I.E., flashing lights, textbox animations, 'n' some moving assets.)","Reduce, detiene o elimina los elementos que cansen la vista. (Ejemplo: luces, animaciones y algunos movimientos)."
desc_SimpBack,Remove elements from Environment backgrounds to reduce clutter and/or lag.,
desc_Part,Have tiny sprites and effects appear or not.,Hace que pequeños sprites y efectos aparezcan o no.
desc_ScrShk,Have the screen shake during certain events and actions.,La pantalla se agita durante ciertos eventos y acciones.
desc_TextSpd,Change how fast text appears during dialogue.,Cambie lo rápido que el texto aparece en diálogos.
desc_Lang,"Change the game's text language and assets to your liking. (English, Spanish)","Cambia el idioma del juego. (Inglés, Español)"
desc_ConDis,Have your keyboard or controller inputs appear at the bottom-right of the screen.,Muestra tu teclado o control en la esquina inferior derecha de la pantalla.
desc_Outline,Have black 'n' white outlines around the characters and certain objects during gameplay.,Activa un contorno blanco y negro en algunos personajes y objetos durante el gameplay.
desc_Squash,Have the characters' body morph a lil' during certain situations.,Los personajes se deforman ligeramente durante ciertas situaciones.
desc_LifeIcon,Change what life icon to use during gameplay.,
,,
desc_ColorCode,"Have tons of colors from certain elements change based on the character you're playing. (If off, colors default to the Change Base Color option.)","Cambia colores de muchos elementos según el personaje que estés usando. (Si está desactivado, los colores se configuran por defecto en la opción de Cambiar Color de Base)."
desc_VSync,Have the game match the refresh-rate of your monitor. (Usually fixes screen-tearing.),Configura el juego para que coincida con la frecuencia de actualización de tu monitor. (Normalmente soluciona el problema del desgarro de pantalla).
desc_ChangeColor,Change the color to a bunch of game elements. (Character Color-Coding must be off.),Cambia el color de varios elementos del juego. (Coloreado de Personaje debe estar desactivado).
desc_FocusLoss,Have the game automatically pause if it's no longer focused.,Hace que el juego se pause al perder foco.
,,
desc_Discord,Have the game pop up on your Discord profile.,Haz que el juego aparezca en tu perfil de Discord.
desc_Ghost,Have your saved ghost appear during gameplay. (SPEED Stages only.),Haz que tua fantasma guardado aparezca durante el gameplay (Solo niveles de Velocidad)
, ,
desc_Fullscr,Have the game display at your monitor's full resolution.,Pone el juego en la resolución completa de tu pantalla.
desc_MusTag,Have the current BGM track's name & composer display at certain points.,El nombre del tema de fondo y compositor aparezca en ciertos puntos.
desc_ConType,Change the controls' input display based on a console. (Controller only.),Cambia el tipo de botón que se muestra. (Solo Control)
desc_ConRum,Have your controller shake during certain events and actions. (Controller only.),Vibración durante ciertos eventos y acciones. (Solo Control)
desc_ExtCam,Have the camera move ahead of you based on your speed and how fast you're falling. (OVERWORLD & SPEED Stages only.),La cámara se adelanta basado en tu velocidad al correr y caer. (Solo Overworld y Etapas de Velocidad)
desc_FPS,"Have the game's framerate, real framerate, and version display at the top-right of the screen.","Muestra los FPS, FPS Reales y versión del juego arriba a la izquierda y abajo a la derecha."
desc_Speedrun,"Display a speedrun timer that stops during cutscenes, transitions, and the game being paused.","Muestra un temporizador de speedrun que se detiene en cinemáticas, transiciones y pausa."
,,
desc_WindowSize,Change the scale of the game window while not in Fullscreen.,
,,
desc_Control,Change this input bind.,Cambia el botón de esta acción.
desc_JoyDead,Change how far you need to move your controller's joystick. (Controller only.) (Decreases by 10% per press.),Cambia lo rápido que tienes que mover la palanca. (Solo Control) (Disminuye 10% al presionar)
desc_TrigDead,Change how hard you need to push your controller's triggers. (Controller only.) (Decreases by 10% per press.),Cambia cuanto debes presionar los gatillos. (Solo Control) (Disminuye 10% al presionar)
,,
con_Circle,CIRCLE,CÍRCULO
con_Triangle,TRIANGLE,TRIÁNGULO
con_Square,SQUARE,CUADRADO
con_Touchpad,TOUCHPAD,TOUCHPAD
,,
freeplay_CharSelect,CHARACTER SELECT,
,,
freeplay_DescMind1,"A section that's conjoined to a more devious part of one's mind. While not dangerous to the real body of the user experiencing it, any damage taken or fake deaths that occure can cause extreme anxiety and distress. (Every bit of one's mind does not look the same as another person's, with 1 exception.)","Una sección conectada a una parte más retorcida de la mente. Si bien no es peligroso para el cuerpo del usuario, cualquier daño recibido o muertes simuladas puede causar ansiedad y angustia extremas. (La mente de uno no es idéntica a la de otra persona, con 1 excepción)."
freeplay_DescMind2,"A section that's conjoined to a more devious part of one's mind. While not dangerous to the real body of the user experiencing it, any damage taken or fake deaths that occure can cause extreme anxiety and distress. (Every bit of one's mind does not look the same as another person's, with 1 exception.)","Una sección conectada a una parte más retorcida de la mente. Si bien no es peligroso para el cuerpo del usuario, cualquier daño recibido o muertes simuladas puede causar ansiedad y angustia extremas. (La mente de uno no es idéntica a la de otra persona, con 1 excepción)."
freeplay_DescMindBoss,"A section far below the rest of one's mind. No one dares jump down due to fear of severe anxiety attacks, but under your circumstances, you have no choice.","Una sección muy por debajo del resto de la mente. Nadie se atreve a saltar por miedo a sufrir ataques de ansiedad severos, pero dadas tus circunstancias, no tienes otra opción."
freeplay_DescMindBon1,An unused part of the mind that's normally inaccessible unless specific conditions are met.,Una parte no utilizada de la mente a la que no se puede acceder a menos que se cumplan ciertas condiciones.
freeplay_DescMindBon2,An unused part of the mind that's normally inaccessible unless specific conditions are met.,Una parte no utilizada de la mente a la que no se puede acceder a menos que se cumplan ciertas condiciones.
,,
freeplay_DescOTD1,"An unfinished portion of the town. Construction died down today, so you're safe to roam around without gettin' caught. Usually people don't mess around there, but it's the fastest route to the cemetary.","Una parte inacabada del pueblo. Las obras pararon hoy, así que puedes pasear con seguridad sin que te pillen. Normalmente la gente no entra por ahí, pero es la ruta más rápida al cementerio."
freeplay_DescOTN1,"A far-off place from the town. Thanks to how vast the area is, you'll hardly ever see other people near you. Even if you do, no one's gonna bother you.","Un lugar alejado del pueblo. Gracias a lo grande del lugar, casi nunca verás gente. Incluso si lo haces, nadie te molestará."
,,
freeplay_Desc,LEVEL DESCRIPTION,DESCRIPCIÓN DEL NIVEL
,,
condit_Available,UNAVAILABLE,NO DISPONIBLE
condit_StoryMode,BEAT THE STAGE IN THE MAIN STORY,PASA LA ETAPA EN MODO HISTORIA
condit_CRankMind,GET A C-RANK OR HIGHER IN THE 3 MAIN MIND LEVELS,OBTIENE UN RANGO C O MAS ALTO EN LOS 3 NIVELES DE MENTE
,,
freeplay_Trinkets,TRINKETS:,OBJETOS:
freeplay_BestTime,BEST TIME:,MEJOR TIEMPO:
freeplay_BestScore,BEST SCORE:,MEJOR PUNTAJE:
freeplay_Enemies,ENEMIES:,ENEMIGOS:
freeplay_Rank,RANK:,RANGO:
,,
freeplay_Track,LEVEL TRACK,TEMA DEL NIVEL
freeplay_StopTrack,STOP TRACK,DETENER TEMA
freeplay_Refresh,REFRESH,
freeplay_Juke,BOOMBOX,BOOMBOX
freeplay_ChooseJuke,TO OPEN THE BOOMBOX,ABRIR LA BOOMBOX
freeplay_NormJuke,OFFICIAL SOUNDTRACK,NORMAL
freeplay_CustJuke,CUSTOM MUSIC,PERSONALIZADA MÚSICA
freeplay_JukeOff,BOOMBOX OFF,BOOMBOX APAGADA
freeplay_JukeOn,BOOMBOX OST,BOOMBOX OST
freeplay_JukeCust,BOOMBOX CUSTOM,BOOMBOX
freeplay_MTJuke,No Custom Track Selected,
juke_NoFolders,NO FOLDERS DETECTED,
juke_NoTracks,NO TRACKS DETECTED,
,,
results_Cont,CONTINUE,CONTINUAR
results_Retry,RETRY LEVEL,REINTENTAR
results_Ghost,SAVE GHOST,GUARDAR FANTASMA
results_GhostSaved,GHOST SAVED,FANTASMA GUARDADO
results_Replay,SAVE REPLAY,GUARDAR REPLAY
results_ReplaySaved,REPLAY SAVED,REPLAY GUARDADO
results_ReplayText,REPLAY,REPLAY
,,
col_White,WHITE,BLANCO
col_LightGray,LIGHT-GRAY,GRIS CLARO
col_Gray,GRAY,GRIS
col_DarkGray,DARK-GRAY,GRIS OSCURO
col_Black,BLACK,NEGRO
col_Maroon,MAROON,GRANATE
col_Red,RED,ROJO
col_Orange,ORANGE,NARANJA
col_Olive,OLIVE,OLIVA
col_Yellow,YELLOW,AMARILLO
col_Lime,LIME,LIMA
col_Green,GREEN,VERDE
col_Aqua,AQUA,AGUA
col_Teal,TEAL,TEAL
col_Blue,BLUE,AZUL
col_Navy,NAVY-BLUE,AZUL MARINO
col_Purple,PURPLE,PÚRPURA
col_Magenta,MAGENTA,MAGENTA
,,
life_Sil,SILHOUETTE,
life_Color,COLORED,
life_Old,OLD,
,,
inv_Level,LEVEL,
inv_Char,CHARACTER,
inv_None,NONE,
,,
level_Markiplier,ON YOUR MARK,EN SUS MARCAS
level_Ready,READY?,¿PREPARADOS?
level_Set,SET!,¡LISTOS!
level_Go,GO!,¡YA!
level_Adrenaline,ADRENALINE,ADRENALINE
level_Rush,RUSH   RUSH,RUSH   RUSH
level_Run,RUN!,
,,
game_Whoops,"Whoops, sorry about that.",
game_ToSkip,TO SKIP,
game_Disc,DISCLAIMER,
game_MainDisc,"This game contains violence, cursin', & potentially sensitive themes. This is not intended for people under age 13 or those who are easily disturbed. \nThe game also contains flashing lights, screen shaking, & others of the sort that can be turned off in the Options menu. (Controller is EXTREMELY recommended!) \nThis is a completely separate demo to the old ""The Boy and his Story"" prototypes and files cannot be transferred over to this version. \nWould you like to open the Options menu first? ",
game_CharDisc,"NOTE: While this character is fully playable, they have not received the animation upgrade that other playable characters have, so you'll see either unfinished or replacement animations for stuff the other characters have.",
,,
check_Name,Is this name correct?,
check_Kappa,Not happenin'.,
check_Lucifer,"Sorry, but no.",
check_Sarah,Hiiii!! :D We can share!,
check_Lone,I don't mind.,
check_Brock,More than happy to share!,
check_Neegi,Yeah... no.,
check_Cloee,"Eh, sure, why not.",
check_Akira,Nope. Choose a different name.,
check_Taylor,Sorry. Gotta pick another name.,
check_Ayana,Nah! Get your own damn name!,
check_Roxxane,HAH! You misspelled your name. Pendejo.,
check_Rush,Count me out.,
check_Edge,Choose a different name before I beat your ass.,
check_Ivy,A child of JUSTICE.,
,,
check_Nerd,Still not happenin'.,
check_Frisk,WARNING: This name will not make your life hell.,
check_Chara,The untrue name.,
check_Sonic,The legend who started it.,
check_Blaze,The legend who continued it.,
check_OnTheNose,"That's pretty on-the-nose, don't you think?",
check_AAAAAA,"Not very creative, huh?",
,,
new_Warning,WARNING!,
new_WarnDisc,This will delete your current save file and it will be unrecoverable. Do you wish to continue?,
,,
///-----Music Credits-----///,,
comp_Nerd,Nerd.,
,,
///-----Credits-----///,,
cred_BaseName,Name:,
cred_BasePos,Position: ,
cred_BaseType,Role:,
cred_BaseDesc,Quote:,
,,
///-----Credit Nerd.-----///,,
cred_NerdName,Nerd.,
cred_NerdPos,The Nerd,
cred_NerdType,Damn-near Everything,
cred_NerdDesc,"""Un-kept hair, baggy pants, pizza, and terrible coding practices is not a good life to live, but at least it works.""",
,,
///-----Credit Huisti-----///,,
cred_HuisName,Huisti,
cred_HuisPos,The Crew,
cred_HuisType,Spanish Localization || Playtesting,
cred_HuisDesc,"""The 'furro' translating the game to Spanish.""",
,,
///-----Credit Brandon-----///,,
cred_BranName,Brandon,
cred_BranPos,Special Guest,
cred_BranType,"Created Akira, Taylor, & Ayana || Playtesting",
cred_BranDesc,"""a.""",
,,
///-----Credit Ness-----///,,
cred_NessName,Ness,
cred_NessPos,Special Guest,
cred_NessType,Created Ivy || Ivy Concept Art || Playtesting,
cred_NessDesc,"""Saw this nerd go from Deltarune AUs to epic platformers. The moment you can, give him money.""",
,,
///-----Char Select Stats-----///,,
charSel_Acc,ACCELERATION,ACELERACIÓN
charSel_Jump,JUMP POWER,SALTO
charSel_Grav,GRAVITY FORCE,GRAVEDAD
charSel_Max,MAX SPEED,VELOCIDAD
charSel_Break,BREAK SPEED,VEL. DE BREAK
charSel_Boost,BOOST SPEED,VEL. DE TURBO
charSel_Ground,GROUND,EN SUELO
charSel_Midair,MID-AIR,EN EL AIRE
charSel_Wall,ON WALL,EN MUROS
charSel_Slide,SLIDING,DESLIZAMIENTO
charSel_Twirl,TWIRLING,GIRO
charSel_Charge,CHARGEABLE,RECARGABLE
charSel_Ret,RETICLE,RETÍCULA
charSel_Hold,HOLD,
charSel_Spam,SPAM,
charSel_Or,OR,
,,
///-----General Moves-----///,,
move_Move,MOVE,
move_Jump,JUMP,
desc_Jump,"While at the peak of your jump, you will automatically lose speed unless you're Boosting.",
,,
move_DJump,DOUBLE-JUMP,
move_SSlide,START SLIDE,
desc_SSlide,Can only be done while not moving.,
,,
move_Slide,SLIDING,
desc_Slide,"While Sliding, you slow down automatically, the effects of slopes is increased, and you damage enemies.",
,,
move_CSlide,SLIDE-CANCEL,
desc_CSlide,Stop sliding without jumping and continue running.,
,,
move_Roll,ROLLING,
desc_Roll,"While Rolling, you slow down automatically, the effects of slopes is increased, and you damage enemies. (You cannot cancel out of Rolling.)",
,,
move_Slam,SLAM,
desc_Slam,Can only be done mid-air.,
,,
move_DSlam,SLAM-DASH,
move_Boost,BOOST,
desc_Boost,"While Boosting, your acceleration is tripled, you're invulnerable to spikes, and you damage enemies. Damage enemies to increase your TENSION meter. Initiating a Boost will always cost 2 bars of TENSION.",
,,
move_ABoost,AIR-BOOST,
desc_ABoost,Can only be done mid-air. Suspends you in the air for a little. Initiating an Air-Boost will always cost 10 bars of TENSION.,
,,
move_Trick,FREESTYLE-TRICK,
desc_Trick,"Anything that launches you that isn't the Environment, Hazards, or Enemies will allow you to perform all kinds of tricks that earn you TENSION.",
,,
move_DTrick,DIRECTIONAL-TRICK,
desc_DTrick,Hold any direction (other than down) and you'll launch yourself accordingly along with continuing your FREESTYLE-TRICKS.,
,,
move_BTrick,BACKWARDS-TRICK,
desc_BTrick,Don't hold a direction and you'll be launched opposite of where you're facing.,
,,
move_RTrick,RAIL-TRICK,
desc_RTrick,Earn TENSION and increase your speed.,
,,
move_RJump,RAIL-JUMP,
desc_RJump,Jump right before a Rail-Stopper to do FREESTYLE-TRICKS.,
,,
///-----Kappa Moves-----///,,
move_KADash,AIR-DASH,
move_KHoming,HOMING ATTACK,
desc_KHoming,"A Reticle must appear before you can attack. After attacking, most of your moves reset.",
,,
///-----Lucifer Moves-----///,,
move_LBGlide,BURST-GLIDE,
desc_LBGlide,"You fall extremely slowly, but it's on a small timer.",
,,
///-----Sarah Moves-----///,,
move_SSHover,SPINNING-HOVER,
desc_SSHover,Can be done infinitely and you have more air-control.,
,,
move_SSSlam,SPINNING-SLAM,
desc_SSSlam,Hold to make it slam down faster than usual.,
,,
///-----Rush Moves-----///,,
move_RHoming,HOMING ATTACK,
desc_RHoming,"A Reticle must appear before you can attack. After attacking, most of your moves reset.",
,,
move_RSpindash,SPINDASH,
move_RPeelout,SUPER PEELOUT,
,,
///-----Ivy Moves-----///,,
move_IRevolver,REVOLVER,
desc_IRevolver,Can be charged. Will take more bullets,
,,
move_IBDash,BULLET-DASH,
move_IBBounce,BULLET-BOUNCE,
move_IReload,RELOAD,
desc_IReload,Reloading won't finish until you land on the ground.,
,,
///-----Base Bios-----///,,
bio_Name,NAME,
bio_Age,AGE,
bio_Birth,BIRTHDAY,
,,
///-----Char Bios-----///,,
bio_Kappa,"The adopted, oldest child of the Suki family and a descendant of the ADRENALINE Clan. One half of a coin. When he was 10 years old, his mother died due to an unexpected event in front of his eyes. This lead to dormant power of his to be released in one big burst. This power, known as TENSION, is something everyone has. But because of his ancient lineage, it was more hidden, but far more powerful than a normal person's. After the event, his best friend's family was more than willing to bring him in. His adoptive sister, Sarah, and her mother, Sophi, because they know he loves cats, made him the cat beanie he still wears to this day, which now looks small on him thanks to his giant hair. (And naturally just growin' out of it.) He's grown to be more silent than usual, but he still finds joy in the things he does. Collecting cassettes 'n' CDs with his adoptive father, Scott, learning to bake with Sophi, learning to draw with Sarah, learning piano with Lone, learning boxing with Brock, sparring and sharing manga with Neegi, adventuring with Cloee, spray-painting with Akira 'n' his gang, and rocking each other's shits with Roxxane. Alongside workin' at a café, he occasionally does fruit deliveries for people in OTHERTOWN thanks to his family's farming business and his incredible speed. Holds the left, cracked, gold, heart-shaped pendant of the Suki Siblings, given by his adoptive grandfather.",
bio_Lucifer,"A hybrid of the DEFECTIVE Clan & ADRENALINE Clan. One half of a coin. She's a pretty reserved individual, often not showing emotion. She's forced to train herself and her troops everyday to continue the self-dubbed DEFECTIVE Clan's goal of killing everyone in the ADRENALINE Clan. Having to harvesting their blood to attain the power of ADRENALINE, figuring out how to use it without it melting 'n' killing themselves, and effectively letting them live forever with infinite, unbelievable power. She knows everything being done is wrong, but it's either she does this or die by her family's hand. She already suffered a skull fracture at the hand of her father and uncle, the 2 leaders of the DEFECTIVE Clan in modern-day, for missing a shot on a member of the ADRENALINE Clan. Ever since, she's needed a headband imbued with a TENSION Seal to stave off the pain. Despite all of this, she does find time at night to rest or let herself have some fun. Simply running in the night, seeing the stars, eating some pizza, and enjoying her time without worries is enough for her, often humming Clair de Lune to herself. Holds the pink, heart-shaped pendant of her deceased mother, given to her daughter herself shortly before passing away. Lucifer often blames herself for her mother's death.",
bio_Sarah,"The middle child of the Suki family. The childhood best friend-turned sister of Kappa; she's your happy-go-lucky, next-door neighbor-type of girl. She's pretty cheerful, loves anything cute, big fan of hamburgers, and always tries to look at the brightside of anything. She and the rest of her family have a heart theme going on, all family members having heart-shaped ahoges. She has a fondness for making tea as well, especially for her girlfriend, Neegi. She's actively learning to draw & paint, hopin' to use those skills to get to an art school 'n' develope them more, alongside doing freelance work. Holds the middle, cracked, gold, heart-shaped pendant of the Suki Siblings, given by her grandfather.",
bio_Lone,"The adopted, youngest child of the Suki family. A trans girl left abandoned by her previous family at a very young age. Forced to fend for herself without any experience in a harsh city, she ended up losing her eyes before meeting the Suki family. Despite their similarities, her and Kappa are not blood-related. She was found by Kappa and Sarah during a fruit delivery they had to do when they had to work at their grandfather's farm outside OTHERTOWN. Despite being terrified, she became relieved when she listened to their gentle voices. After some months living with the Suki family, she not only was properly adopted, but also was taught how to use TENSION. She was also taught by Sarah how to use her other senses. Upon a couple years of living and working at the farm, she gained a special interest in learning piano after hearing Kappa play it occasionally, albeit, very basic songs. Holds the right, cracked, gold, heart-shaped pendant of the Suki Siblings, given by her grandfather.",
bio_Brock,,
bio_Neegi,,
bio_Cloee,,
bio_Akira,"The 1st member 'n' leader of the gang of goons in OTHERCITY, ""The Bandanas"", and the 2nd dumbest person of the gang. He managed to cheat his way through high school so well that he got accepted to a college, but ultimately didn't learn nothin', so he dropped out. His group is a gang of 3 self-proclaimed assassins in OTHERCITY, chargin' high prices to kill anyone they're asked and only IF they don't like this person after observing them for a bit. He and his goons live in an abandoned harbor in OTHERCITY full of shipping containers that they set up to be a proper living space. It's also where their hideout is for their killin' business, which is probably not the best idea on his part. Any time he refused an offer, the client would try 'n' kill him, which usually ends up failing and always ends up with the client dead, with their weapon choice snatched as a trophy. For those that DO leave alive 'n' they try to rat out The Bandanas, they get swiftly dealt with. Thanks to Akira's pyrokenisis, he's able to completely destroy the bodies as well. Unforunately, this does not stop getting him and his gang on a wanted list, having posters scattered throughout OTHERCITY and some in OTHERTOWN.",
bio_Taylor,"The 2nd member of The Bandanas and the actual smartest person of the gang. She's basically the ""tank"" of the group, havin' the most muscle out of everyone in the group.",
bio_Ayana,"The 3rd member of The Bandanas and the actual dumbest person of the gang. She's extremely mischievious, often lying to get her way. She hates following any rules, she cheated her entire way through school to college before dropping out, and owns a whole knife collection. She especially loves pissing off OTHERCITY's authorities by spray-painting on walls, trains, and cargo way more than Akira & Taylor. Despite this, she does have soft-spot for certain things. She doesn't have any elemental abilities like the rest of her gang.",
bio_Roxxane,,
bio_Rush,,
bio_Edge,,
bio_Ivy,,
,,
///-----Months-----///,,
mon_Jan,JANUARY,
mon_Feb,FEBRUARY,
mon_Mar,MARCH,
mon_Apr,APRIL,
mon_May,MAY,
mon_Jun,JUNE,
mon_Jul,JULY,
mon_Aug,AUGUST,
mon_Sep,SEPTEMBER,
mon_Oct,OCTOBER,
mon_Nov,NOVEMBER,
mon_Dec,DECEMBER,
,,
///-----Days-----///,,
day_Sun,SUNDAY,
day_Mon,MONDAY,
day_Tue,TUESDAY,
day_Wed,WEDNESDAY,
day_Thu,THURSDAY,
day_Fri,FRIDAY,
day_Sat,SATURDAY,